timestamp,subreddit,title,upvotes,comments,sentiment,sentiment_label
2025-04-04 00:00:37,cryptocurrency,"Daily Crypto Discussion - April 4, 2025 (GMT+0)",2,3,0.0,Neutral
2025-04-04 00:26:05,bitcoin,This Guy Keeps Lying to You About Bitcoin,0,0,-0.5267,Negative
2025-04-04 00:32:03,cryptocurrency,Why is this coin Mantra Om rising so much?,0,1,0.0,Neutral
2025-04-04 00:31:43,cryptocurrency,UK trade bodies ask government to make crypto a ‚Äòstrategic priority‚Äô,1,0,0.0,Neutral
2025-04-04 00:38:18,bitcoin,Is now a good time to invest?,1,1,0.4404,Positive
2025-04-04 00:37:35,finance,Trump's Tariff Chart - Legit or False?,1,0,0.0,Neutral
2025-04-04 00:39:34,bitcoin,mempool.space down?,1,0,0.0,Neutral
2025-04-04 01:02:21,bitcoin,Crypto btc dip/dump,0,3,0.0,Neutral
2025-04-04 01:20:58,cryptocurrency,ETH chart is finally looking good,6,1,0.4404,Positive
2025-04-04 01:24:19,bitcoin,Bitcoin held together good today.,7,4,0.4404,Positive
2025-04-04 01:50:36,bitcoin,Bitcoin kirbying $100+ trillion and 1+ quadrillion USD,1,0,0.0,Neutral
2025-04-04 01:56:00,cryptomarkets,Fidelity Roth IRA Crypto Accounts,1,0,0.0,Neutral
2025-04-04 02:21:00,cryptomarkets,Where Do You Get Quality Regular Crypto News?,1,0,0.0,Neutral
2025-04-04 02:30:06,cryptocurrency,Bitcoin Takes A Beating As Tariff Announcement Roils Global Markets,1,2,-0.4588,Negative
2025-04-04 02:22:44,bitcoin,Cheapest way to invest in BTC?,2,1,0.0,Neutral
2025-04-04 02:30:33,cryptomarkets,Inside Mastercard's Plan to Build the Venmo of Crypto - Business Insider,1,0,0.0,Neutral
2025-04-04 02:33:36,bitcoin,"Hold fast, regardless of what side of crypto you're in",1,0,0.0,Neutral
2025-04-04 03:23:02,cryptocurrency,What To Expect From Ethereum (ETH) in April?,1,1,0.0,Neutral
2025-04-04 03:42:23,bitcoin,I need referrals plz join me...,1,0,0.3612,Positive
2025-04-04 03:46:43,cryptocurrency,Markets shed $1 trillion as 'Magnificent Seven' and crypto markets take big hits,1,1,0.5994,Positive
2025-04-04 03:56:06,cryptocurrency,"55 Million Americans Use Crypto ‚Äî And Construction Workers Are Big Fans: Report - ""The Defiant""",1,0,-0.2263,Negative
2025-04-04 03:55:36,cryptocurrency,"Bitcoin‚Äôs transaction finality now takes over a week due to mining centralization, developer claims",0,0,0.0,Neutral
2025-04-04 04:11:11,cryptocurrency,"DeFi TVL falls 27% while AI, social apps surge in Q1",1,0,0.0,Neutral
2025-04-04 04:09:15,bitcoin,Thanks bitcoin,2,1,0.4404,Positive
2025-04-04 04:04:56,cryptomarkets,"Morning 9.30 Am, Which coin to future trade today in morning trade with 100usdt? 4x leverage?",1,0,0.0,Neutral
2025-04-04 04:18:28,bitcoin,üá¨üáß UK tax question,1,1,0.0,Neutral
2025-04-04 04:37:55,bitcoin,Any Tips for Beginners and has a Very Low starting capital,1,0,-0.3384,Negative
2025-04-04 04:51:41,bitcoin,Dog Shit Coin,1,0,-0.5574,Negative
2025-04-04 04:51:21,bitcoin,I FINALLY FOUND IT!!! iykyk,1,0,0.0,Neutral
2025-04-04 04:57:58,cryptocurrency,Binance Launches Seeds Program to Forge Future Crypto Leaders With Real Impact,1,0,0.0,Neutral
2025-04-04 04:56:35,bitcoin,#Buckazoids,4,0,0.0,Neutral
2025-04-04 05:00:33,bitcoin,Beallish?,2,0,0.0,Neutral
2025-04-04 05:30:32,cryptocurrency,"Invest in MSTR, MSTX, or MSTY?",1,0,0.0,Neutral
2025-04-04 05:29:38,cryptocurrency,Genius Group says it‚Äôs been banned from buying more Bitcoin,1,1,-0.4588,Negative
2025-04-04 05:25:08,bitcoin,Do u compare the value of BTC to other currencies than the dollar?,3,2,0.34,Positive
2025-04-04 05:32:53,bitcoin,Bitcoin Activity Is Heating Up üìà,1,0,0.0,Neutral
2025-04-04 05:36:09,bitcoin,Prediction For This Quarter? üëá,3,0,0.0,Neutral
2025-04-04 05:45:18,bitcoin,"My cousin/best friend is giving birth to a daughter today. I'd like to give her the seed to a wallet that unlocks in 20 years and keep another seed that could access the bitcoin at any time. Can such a wallet exist and be generated in a way that's easy, safe and timeproof?",1,1,0.9169,Positive
2025-04-04 06:02:56,bitcoin,"Daily Discussion, April 04, 2025",1,0,0.0,Neutral
2025-04-04 05:56:08,bitcoin,Dumb question but hear me out,1,2,-0.2846,Negative
2025-04-04 05:55:54,bitcoin,Secure Stock Wallet Legit?,1,1,0.34,Positive
2025-04-04 06:45:59,cryptocurrency,Order of magnitude jump in quantum computing through improved error correction people are sleeping on.,1,0,0.1027,Positive
2025-04-04 06:38:33,bitcoin,How is BTC not dropping right now?,5,4,0.0,Neutral
2025-04-04 06:44:48,bitcoin,Bitcoin Network Hashrate Hits an All Time High üî•üìà,1,0,0.0,Neutral
2025-04-04 06:43:46,bitcoin,British Man Willing to Buy an Entire Landfill to Recover $800 Million in Bitcoin from Lost Hard Drive,1,0,-0.4019,Negative
2025-04-04 06:39:54,bitcoin,Stonks,1,0,0.0,Neutral
2025-04-04 06:52:21,finance,don't kill the message even if you killed the messenger _____ ŸÑÿß ÿ™ŸÇÿ™ŸÑŸàÿß ÿßŸÑÿ±ÿ≥ÿßŸÑÿ© Ÿà ÿ•ŸÜ ŸÇÿ™ŸÑÿ™ŸÖ ÿßŸÑÿ±ÿ≥ŸàŸÑ,1,0,-0.193,Negative
2025-04-04 07:22:21,cryptocurrency,"Well boys and girls, according to AI we are officially in a medium term bear market. Everything rests on $75,000 and $90,000",0,0,0.2732,Positive
2025-04-04 07:19:20,bitcoin,Should I buy bitcoin,0,3,0.0,Neutral
2025-04-04 07:44:22,cryptocurrency,BlackRock enters the UK crypto market with FCA registration ‚ú®Ô∏è,1,0,0.0,Neutral
2025-04-04 07:42:55,cryptocurrency,Kamala shoulda made a coin.,0,0,0.0,Neutral
2025-04-04 07:56:47,cryptomarkets,"""Why is bitcoin not crashing?"" It actually is, but people here are USA centric so measure the value in $$$. BTC is losing ground fast in other currencies.",1,0,0.0247,Positive
2025-04-04 08:00:05,bitcoin,are you big on 60k or you bullish?,0,2,0.0,Neutral
2025-04-04 08:17:01,bitcoin,What are the podcasts to increase knowledge about crypto & bitcoin,1,0,0.3182,Positive
2025-04-04 08:38:43,cryptomarkets,Andres Garcia,1,0,0.0,Neutral
2025-04-04 08:48:30,bitcoin,Money coming out of the stock market will be going somewhere‚Ä¶,1,1,0.0,Neutral
2025-04-04 09:10:39,cryptocurrency,Random Crypto Addressees full of money?,1,2,0.0,Neutral
2025-04-04 09:16:16,cryptomarkets,What are your go-to coins to make $200-300 in short-term now by investing ~$2000?,1,0,0.0,Neutral
2025-04-04 09:18:45,bitcoin,what does mBTC mean?,2,3,0.0,Neutral
2025-04-04 09:37:25,cryptocurrency,"Ethereum OG Wallet from 2017 Sells All Remaining ETH, Inks $8,660,000 in Profit: Lookonchain",1,0,0.4404,Positive
2025-04-04 09:34:21,cryptomarkets,"Turn your crypto notifications into alarms, bypass silent mode",1,0,-0.2732,Negative
2025-04-04 09:52:49,cryptocurrency,Could the U.S. Be the Next Big Proving Ground for Sports and Crypto?,1,0,0.0,Neutral
2025-04-04 09:58:04,cryptomarkets,Interesting ETHUSD long as recommended by Ai,1,0,0.5423,Positive
2025-04-04 10:16:12,cryptocurrency,Tokenized equities will dwarf stablecoins,1,0,0.0,Neutral
2025-04-04 10:14:13,cryptomarkets,Those in the know are already making $500+ per day. Why aren't you?,13,2,0.0,Neutral
2025-04-04 10:26:31,cryptomarkets,What are some trustable and reliable crypto exchanges that provide futures trading on their mobile app,1,0,0.5106,Positive
2025-04-04 10:47:29,bitcoin,Stumbled upon a USB drive from a storage unit i bought.,1,0,0.0,Neutral
2025-04-04 10:44:22,cryptomarkets,Lol you guys remember the hype for the ‚Äúbull run‚Äù of this year,1,4,0.4215,Positive
2025-04-04 10:56:11,cryptocurrency,Why Web3 Wallets Still Don‚Äôt Work for Most People,1,2,0.0,Neutral
2025-04-04 10:58:08,bitcoin,"I don't know how, but it worked and I was able to make a lot of money from it",6,0,0.0,Neutral
2025-04-04 11:00:34,cryptomarkets,"Daily Discussion Megathread - April 4, 2025 (GMT+0)",1,0,0.0,Neutral
2025-04-04 11:11:02,cryptocurrency,Spot bitcoin ETFs see nearly $100 million in net outflows as stocks tumble on Trump‚Äôs tariff news,4,3,0.0,Neutral
2025-04-04 11:12:34,cryptocurrency,"OKX requesting additional verification, but rejecting my documentation.",1,0,-0.6124,Negative
2025-04-04 11:40:06,bitcoin,Just a reminder of how it played out 5 years ago,1,0,0.34,Positive
2025-04-04 11:45:35,bitcoin,should I do it,3,2,0.0,Neutral
2025-04-04 11:44:07,bitcoin,Strike won‚Äôt release my funds,3,1,-0.128,Negative
2025-04-04 12:06:59,bitcoin,Who?,0,0,0.0,Neutral
2025-04-04 12:06:52,bitcoin,Inventory of known Bitcoin scam,1,0,-0.5719,Negative
2025-04-04 12:07:22,cryptomarkets,China hits back with 34% tariffs,0,1,0.0,Neutral
2025-04-04 12:18:55,cryptocurrency,"A Thriller Gone Real: Alleged Scammer Kidnapped by Fake Police, Loses $50 Million",1,0,-0.6124,Negative
2025-04-04 12:20:30,bitcoin,How can be there multiple master public key?,1,0,0.0,Neutral
2025-04-04 12:22:25,bitcoin,Hi,0,1,0.0,Neutral
2025-04-04 12:41:01,bitcoin,"If you are reading this, it is not too late...",2,0,0.0,Neutral
2025-04-04 12:34:30,bitcoin,ÿßŸÑŸÇÿ±ÿßÿ±,0,1,0.0,Neutral
2025-04-04 12:39:09,cryptomarkets,Microtransaction Test,1,0,0.0,Neutral
2025-04-04 12:50:59,cryptocurrency,Solana unlock releases $200 million in SOL amid waning investor interest,1,0,0.4588,Positive
2025-04-04 12:58:11,cryptocurrency,A new Sepolia Testnet Faucet - Rust/WASM,2,0,0.0,Neutral
2025-04-04 13:00:29,cryptocurrency,"Bitcoin Oddly Steady Near $83,000 as Tariff Onslaught Breaks Stock Markets",1,0,0.0,Neutral
2025-04-04 13:01:02,bitcoin,Bitcoin Optech Newsletter #348,1,1,0.0,Neutral
2025-04-04 12:56:35,cryptomarkets,Urgent selling my FTX claim!,2,0,0.2714,Positive
2025-04-04 13:03:33,bitcoin,Selling FTX claim,2,0,0.0,Neutral
2025-04-04 13:07:25,cryptomarkets,Don't sell,0,1,0.0,Neutral
2025-04-04 13:19:50,cryptocurrency,Market Anticipates Significant Federal Reserve Rate Cuts Amid Recession Risks,1,0,-0.6486,Negative
2025-04-04 13:17:46,cryptocurrency,U.S. court fines UAE crypto firm CLS Global for crypto trading volume manipulation,1,1,-0.296,Negative
2025-04-04 13:19:08,bitcoin,Your Daily Bitcoin Breakdown newsletter is now live. Check out today‚Äôs Top Stories and a sneak peek at the latest Quick Bits snippets. Full issue link is in the comments.,2,1,0.2023,Positive
2025-04-04 13:29:02,cryptocurrency,That fast the things change...,2,0,0.0,Neutral
2025-04-04 13:48:08,finance,"Dow drops 1,100 points, crushed for a second day on fears Trump has ignited a global trade war: Live updates",6,2,-0.8591,Negative
2025-04-04 14:05:29,cryptocurrency,Trade Without Trade-Offs on Kraken Pro! + (Moons Giveaway),2,2,0.0,Neutral
2025-04-04 14:12:10,bitcoin,ICYMI: One can now secure crypto backed loans on coinbase.,1,0,0.3612,Positive
2025-04-04 14:07:27,bitcoin,Presented without comment,1,0,0.0,Neutral
2025-04-04 14:19:55,bitcoin,"Stock down, what to buy?",1,1,0.0,Neutral
2025-04-04 14:37:52,cryptomarkets,AMZN Amazon stock,0,0,0.1779,Positive
2025-04-04 15:01:28,cryptocurrency,Yet somehow Bitcoin and crypto is less volatile than stocks.,3,0,0.0,Neutral
2025-04-04 14:58:27,cryptocurrency,"Standard Chartered says ‚ÄòHODL‚Äô bitcoin, sees $88,500 return this weekend as it becomes a 'US isolation' hedge",0,0,-0.4019,Negative
2025-04-04 14:55:20,cryptocurrency,Check us out at r/cryptocurrencyart,1,0,0.0,Neutral
2025-04-04 14:55:04,bitcoin,Bitcoin beating the market!,17,5,-0.5093,Negative
2025-04-04 15:08:38,cryptocurrency,‚ÄòTokenization is democratization‚Äô: Larry Fink just gave bitcoin price a major booster | Investorsobserver,2,1,0.0,Neutral
2025-04-04 15:14:11,cryptocurrency,Illinois to End Lawsuit Against Coinbase Over Staking Program: Report,1,0,-0.2263,Negative
2025-04-04 15:04:58,bitcoin,Bitcoin Distribution,1,0,0.0,Neutral
2025-04-04 15:10:24,finance,Q1 2025 Investor Letter: Outperformance through Contrarianism,1,0,0.0,Neutral
2025-04-04 15:22:17,bitcoin,Im a broke college student 19 years. not trying to miss out on this opportunity. Will the market still be low by the summer when I can work?,2,0,-0.0531,Negative
2025-04-04 15:17:41,bitcoin,"Gemini Locked My Account, Liquidated My Assets, and Is Now Ignoring Me ‚Äì What Can I Do?",0,0,-0.25,Negative
2025-04-04 15:23:53,cryptomarkets,What can happen if you connect your wallet to a sketchy website?,1,0,0.0,Neutral
2025-04-04 15:31:43,bitcoin,Bitcoin might actually prevail,2,0,0.0,Neutral
2025-04-04 15:33:29,bitcoin,How is my portfolio i am growing every week .,1,1,0.1779,Positive
2025-04-04 15:32:31,bitcoin,https://one.exnesstrack.org/a/517a0n6321,1,0,0.0,Neutral
2025-04-04 15:34:39,cryptomarkets,"Coinbase Lists Long-Awaited XRP Futures, Is a Rebound To $3 On The Way?",1,0,0.0,Neutral
2025-04-04 15:38:13,bitcoin,How to withdraw from Crypto Cap Market,0,0,0.0,Neutral
2025-04-04 15:57:46,bitcoin,The situation,7,1,0.0,Neutral
2025-04-04 15:56:53,cryptomarkets,BTC above 80K!,5,0,0.0,Neutral
2025-04-04 16:24:03,cryptocurrency,U.S. markets wipe out $9.6T as Bitcoin shows some resilience,1,0,0.0,Neutral
2025-04-04 16:26:18,bitcoin,Peach BTC stuck on pending,1,0,-0.25,Negative
2025-04-04 16:18:30,bitcoin,80k holding ..next month ?,0,2,0.0,Neutral
2025-04-04 16:29:02,bitcoin,Don't wait for good news; there is no good news. Just be patient and hold.,2,0,-0.7195,Negative
2025-04-04 16:36:31,bitcoin,Just compare guys % change of S&P500 and BTC in recent one month and one year interval. This is incredible that BTC lose less. I remember in previous cycles that BTC wasnt stronger than stocks and it was more affected than stocks itself. This is incredible extreme fear at 80K$ this is new bottom,1,0,-0.8392,Negative
2025-04-04 16:34:08,bitcoin,bitcoin at 17,1,0,0.0,Neutral
2025-04-04 16:27:48,bitcoin,Peach BTC Payment Stuck On Pending,1,0,-0.25,Negative
2025-04-04 16:36:41,cryptomarkets,Little bit of Hopium,1,0,0.0,Neutral
2025-04-04 16:52:05,bitcoin,Swapping ETFs for Real BTC. Problem in the future?,1,0,-0.4019,Negative
2025-04-04 17:03:01,cryptocurrency,Anyone see FTX repayment yet?,2,1,0.0,Neutral
2025-04-04 17:03:10,cryptomarkets,"Ocean Protocol Empowers Developers with Free Compute-to-Data in VS Code. It may sound technical to some, but others will understand easily, and everyone will view this positively, imo",1,0,0.8945,Positive
2025-04-04 17:18:49,cryptocurrency,"Retail investors buy stocks at largest level in 10 years, JPMorgan says",1,3,0.0,Neutral
2025-04-04 17:22:42,bitcoin,Feels great to be a Bitcoiner in a Fiat world.,2,0,0.6249,Positive
2025-04-04 17:31:31,bitcoin,Just wanna leave this here. Bitcoin decoupling from Global Markets.,7,1,-0.0516,Negative
2025-04-04 17:33:42,cryptomarkets,Ethereum vs. Bitcoin: Can ETH Ever Replace BTC?,0,0,0.0,Neutral
2025-04-04 17:44:46,cryptocurrency,FIFA is launching NFTickets to the FIFA World Cup 2025 on Algorand. You can now by tickets that are tokenized as NFTs. They just sold 1.38M worth of NFTs in under 3 hours.,2,0,0.2263,Positive
2025-04-04 17:41:22,finance,Got into a heated debate with ChatGPT about a loan,2,0,0.0,Neutral
2025-04-04 17:47:57,cryptocurrency,Why Tariffs Make Now A Strategic Time To Buy Bitcoin,4,4,0.0,Neutral
2025-04-04 17:48:34,cryptocurrency,Bitcoin Shows ‚ÄòImpressive Resilience‚Äô as Nasdaq Nears Bear Market on China Angst,1,1,0.0,Neutral
2025-04-04 17:52:34,bitcoin,If you're ever going to take a meme seriously let it be this one...,6,0,-0.1779,Negative
2025-04-04 18:02:03,bitcoin,First time this has happened: Gold is down market is down and bitcoin is up,12,5,0.0,Neutral
2025-04-04 18:04:31,bitcoin,Daily BTC Trading,1,1,0.0,Neutral
2025-04-04 18:13:23,bitcoin,Bitcoin and the markets are not intertwined.,2,1,0.0,Neutral
2025-04-04 18:14:50,bitcoin,Energy Backed Money,1,0,0.296,Positive
2025-04-04 18:19:14,cryptocurrency,South Korean gets prison time for $2m crypto scam promising 50% returns,2,2,-0.6486,Negative
2025-04-04 18:28:33,cryptocurrency,What Happened To Him? He Took a Screenshot Instead of Taking Profit,1,0,0.4404,Positive
2025-04-04 18:18:41,bitcoin,Wall Street guys be like:,9,0,0.3612,Positive
2025-04-04 18:27:54,bitcoin,in a sea of BLOOD ü©∏ü©∏ Bitcoin is the only thing GREEN today ‚úÖüìà,2,0,0.0,Neutral
2025-04-04 18:19:53,finance,Liberation Day or Liquidation Day?,2,0,0.0,Neutral
2025-04-04 18:35:31,cryptocurrency,"Pectra upgrade launch on May 7, 2025",1,2,0.0,Neutral
2025-04-04 18:32:45,cryptocurrency,Has Michael Saylor‚Äôs Strategy built a house of cards?,0,2,0.0,Neutral
2025-04-04 18:45:20,cryptocurrency,The First Family of Cons,2,0,0.0,Neutral
2025-04-04 18:46:02,bitcoin,Is Smart Money Finally Realizing Bitcoin Is the Ultimate Asset?,1,1,0.6369,Positive
2025-04-04 18:56:53,bitcoin,Who's going to tell them?,5,0,0.0,Neutral
2025-04-04 18:56:07,bitcoin,Nasdaq and Bitcoin,2,0,0.0,Neutral
2025-04-04 19:06:58,cryptocurrency,This Is Actually Wild To See - Bitcoin (BTC) Is Decoupling In Real-Time For The First Time Ever!,3,0,0.0,Neutral
2025-04-04 19:04:23,bitcoin,Bitcoin Finally Moving Alone,2,0,-0.25,Negative
2025-04-04 19:12:47,cryptomarkets,The crypto market is holding up well while stocks are bleeding,3,3,0.2732,Positive
2025-04-04 19:22:28,cryptocurrency,Crypto Legislation Could Free Industry of SEC Oversight‚ÄîBut Critics Warn It's a Pandora's Box,1,0,0.1779,Positive
2025-04-04 19:33:38,bitcoin,Bitcoin Distribution,6,1,0.0,Neutral
2025-04-04 19:36:28,bitcoin,Is the market finally recognizing. Bitcoin as Risk Off,1,0,-0.2732,Negative
2025-04-04 20:00:18,bitcoin,Everyone doing okay so far?,1,0,0.2263,Positive
2025-04-04 20:00:24,cryptocurrency,"EU could fine Elon Musk‚Äôs X $1B over illicit content, disinformation",2,1,0.2023,Positive
2025-04-04 20:07:10,bitcoin,Possible to cancel scheduled send in strike app?,1,0,-0.3612,Negative
2025-04-04 20:01:10,bitcoin,Bitcoin Stands Still ‚Äî As Designed,1,1,0.0,Neutral
2025-04-04 20:17:52,bitcoin,Gagnez de l'argent avec Forsage  Guide 2025,1,0,0.0,Neutral
2025-04-04 20:30:54,cryptocurrency,XRP network activity collapses 65%,1,1,-0.296,Negative
2025-04-04 20:28:39,bitcoin,Bitcoin holders watching the stock market collapse and erase $3 trillion in 2 days.,2,0,-0.4939,Negative
2025-04-04 20:30:19,bitcoin,FA with significant information,1,0,0.2023,Positive
2025-04-04 20:37:51,cryptocurrency,Genius Group Vows to Defy 'Fraudsters and Market Manipulators' Amidst Legal Ban on Bitcoin Treasury,2,1,-0.6908,Negative
2025-04-04 20:36:07,bitcoin,Pretty much sums up market sentiment today...,6,0,0.4939,Positive
2025-04-04 20:32:01,bitcoin,"Bitcoin, short-term, does whatever you don't expect. And ironically, long-term, it does exactly what you expect.",3,2,0.0,Neutral
2025-04-04 20:40:42,cryptomarkets,Pi Network Price Collapses Below $0.50: When Bleeding Stops?,1,0,-0.4215,Negative
2025-04-04 20:49:31,bitcoin,156091 Sats .,1,0,0.0,Neutral
2025-04-04 20:47:22,bitcoin,Hypothesis on why Bitcoin and Crypto is up today,0,0,0.0,Neutral
2025-04-04 20:42:50,cryptomarkets,Speculation of big entity buying Cryptocurrency,3,0,0.0,Neutral
2025-04-04 20:41:25,cryptomarkets,"Jim Cramer Blasts Trump Tariffs, Bitcoin Price Reclaims $84K",3,0,0.0,Neutral
2025-04-04 20:50:23,cryptomarkets,Will btc go below 80k$ in next 1 month?,1,0,0.0,Neutral
2025-04-04 20:16:46,cryptocurrency,GameStop CEO Purchases $10.7M in GME Stock After Bitcoin Push - Decrypt,0,1,0.0,Neutral
2025-04-04 21:02:24,cryptocurrency,XRP !!!üî•üöÄ‚¨ÜÔ∏èüíØ Great News!!!,0,1,0.7405,Positive
2025-04-04 21:09:17,bitcoin,Long Live the King,2,0,0.0,Neutral
2025-04-04 21:06:10,bitcoin,"Something, something... Liberation Day",2,1,0.0,Neutral
2025-04-04 21:14:36,cryptocurrency,Am I the only one who thinks this is groundbreaking? Are we seeing a decoupling?,8,8,0.0,Neutral
2025-04-04 21:18:37,bitcoin,more websites using lightning ?,1,0,0.0,Neutral
2025-04-04 21:15:44,bitcoin,Just leave the man alone,1,0,-0.296,Negative
2025-04-04 21:37:07,cryptocurrency,"If you browse crypto youtube treat every ""sponsored"" ad like it is a scam. Consider using adblock to browse youtube.",1,1,0.128,Positive
2025-04-04 21:33:06,bitcoin,Never sell your Bitcoin,5,0,0.0,Neutral
2025-04-04 21:38:12,bitcoin,Getting divorced made me start investing,3,0,0.0,Neutral
2025-04-04 21:41:05,bitcoin,FUD is getting to me,1,0,-0.4278,Negative
2025-04-04 21:36:17,bitcoin,Help someone wants me to buy bitcoin for them,0,2,0.4019,Positive
2025-04-04 22:10:58,bitcoin,Bitcoin for the win!,1,0,0.6239,Positive
2025-04-04 22:14:33,bitcoin,"This app not only aims to blast scents right through your computer screen, but it can also accept BTC as payment.",0,2,0.5267,Positive
2025-04-04 22:31:00,bitcoin,"Can I get scammed by sending Bitcoin ""Receive"" address?",1,0,0.0,Neutral
2025-04-04 22:35:28,bitcoin,"BTC says, hold my beer",3,2,0.0,Neutral
2025-04-04 22:45:39,bitcoin,The biggest asset in the world is your mindset.,1,1,0.3612,Positive
2025-04-04 22:53:35,bitcoin,Tarot reading on Bitcoin today,0,2,0.0,Neutral
2025-04-04 23:12:25,cryptocurrency,Which Narratives are you guys most bullish on?,1,0,0.0,Neutral
2025-04-04 23:07:37,cryptomarkets,Bitcoin or Gold?,2,0,0.0,Neutral
2025-04-04 23:30:29,cryptocurrency,Why and How Cryptocurrencies Are Decoupling from the Stock Market!?,2,1,0.0,Neutral
2025-04-04 23:30:50,cryptomarkets,BTC Monthly Price Prediction #2: April‚Äô2025,2,0,0.0,Neutral
2025-04-04 21:53:46,bitcoin,Bitcoin is Rome - A Thought Experiment,3,1,0.0,Neutral
